1	Kanagasri	SRGYXDNS	SNDXYGRS
2	Rathnasri	SRGYXDNS	SNDXYGRS
3	Ganasri	SRGYXDNS	SNDXYGRS
4	Vanasri	SRGYXDNS	SNDXYGRS
5	Manasri	SRGYXDNS	SNDXYGRS
6	Thanasri	SRGYXDNS	SNDXYGRS
7	Sunadhasri	SRGYXDNS	SNDXYGRS
8	Hanumasri	SRGYXDNS	SNDXYGRS
9	Dhensri	SRGYXDNS	SNDXYGRS
10	Natakasri	SRGYXDNS	SNDXYGRS
11	Kokilasri	SRGYXDNS	SNDXYGRS
12	Roopasri	SRGYXDNS	SNDXYGRS
13	Gayakasri	SRGYXDNS	SNDXYGRS
14	Vakulasri	SRGYXDNS	SNDXYGRS
15	Mayasri	SRGYXDNS	SNDXYGRS
16	Chakrasri	SRGYXDNS	SNDXYGRS
17	Suryasri	SRGYXDNS	SNDXYGRS
18	Hatasri	SRGYXDNS	SNDXYGRS
19	Jhankarasri	SRGYXDNS	SNDXYGRS
20	Natasri	SRGYXDNS	SNDXYGRS
21	Kiranasri	SRGYXDNS	SNDXYGRS
22	Kharasri	SRGYXDNS	SNDXYGRS
23	Gowrisri	SRGYXDNS	SNDXYGRS
24	Varunasri	SRGYXDNS	SNDXYGRS
25	Marasri	SRGYXDNS	SNDXYGRS
26	Charusri	SRGYXDNS	SNDXYGRS
27	Sarasri	SRGYXDNS	SNDXYGRS
28	Harisri	SRGYXDNS	SNDXYGRS
29	Dheerasri	SRGYXDNS	SNDXYGRS
30	Nagasri	SRGYXDNS	SNDXYGRS
31	Yagasri	SRGYXDNS	SNDXYGRS
32	Raghasri	SRGYXDNS	SNDXYGRS
33	Gangasri	SRGYXDNS	SNDXYGRS
34	Vaghasri	SRGYXDNS	SNDXYGRS
35	Sulinisri	SRGYXDNS	SNDXYGRS
36	Chalasri	SRGYXDNS	SNDXYGRS
