melakarta,raga,direction,swara,pattern,notes
1,Kanakangi,aroha,s,,
1,Kanakangi,aroha,r,,
1,Kanakangi,aroha,g,,
1,Kanakangi,aroha,m,,
1,Kanakangi,aroha,p,,
1,Kanakangi,aroha,d,,
1,Kanakangi,aroha,n,,
1,Kanakangi,aroha,s',,
1,Kanakangi,avaroha,s,,
1,Kanakangi,avaroha,r,,
1,Kanakangi,avaroha,g,,
1,Kanakangi,avaroha,m,,
1,Kanakangi,avaroha,p,,
1,Kanakangi,avaroha,d,,
1,Kanakangi,avaroha,n,,
1,Kanakangi,avaroha,s',,
2,Ratnangi,aroha,s,,
2,Ratnangi,aroha,r,,
2,Ratnangi,aroha,g,,
2,Ratnangi,aroha,m,,
2,Ratnangi,aroha,p,,
2,Ratnangi,aroha,d,,
2,Ratnangi,aroha,n,,
2,Ratnangi,aroha,s',,
2,Ratnangi,avaroha,s,,
2,Ratnangi,avaroha,r,,
2,Ratnangi,avaroha,g,,
2,Ratnangi,avaroha,m,,
2,Ratnangi,avaroha,p,,
2,Ratnangi,avaroha,d,,
2,Ratnangi,avaroha,n,,
2,Ratnangi,avaroha,s',,
3,Ganamurti,aroha,s,,
3,Ganamurti,aroha,r,,
3,Ganamurti,aroha,g,,
3,Ganamurti,aroha,m,,
3,Ganamurti,aroha,p,,
3,Ganamurti,aroha,d,,
3,Ganamurti,aroha,n,,
3,Ganamurti,aroha,s',,
3,Ganamurti,avaroha,s,,
3,Ganamurti,avaroha,r,,
3,Ganamurti,avaroha,g,,
3,Ganamurti,avaroha,m,,
3,Ganamurti,avaroha,p,,
3,Ganamurti,avaroha,d,,
3,Ganamurti,avaroha,n,,
3,Ganamurti,avaroha,s',,
4,Vanaspati,aroha,s,,
4,Vanaspati,aroha,r,,
4,Vanaspati,aroha,g,,
4,Vanaspati,aroha,m,,
4,Vanaspati,aroha,p,,
4,Vanaspati,aroha,d,,
4,Vanaspati,aroha,n,,
4,Vanaspati,aroha,s',,
4,Vanaspati,avaroha,s,,
4,Vanaspati,avaroha,r,,
4,Vanaspati,avaroha,g,,
4,Vanaspati,avaroha,m,,
4,Vanaspati,avaroha,p,,
4,Vanaspati,avaroha,d,,
4,Vanaspati,avaroha,n,,
4,Vanaspati,avaroha,s',,
5,Manavati,aroha,s,,
5,Manavati,aroha,r,,
5,Manavati,aroha,g,,
5,Manavati,aroha,m,,
5,Manavati,aroha,p,,
5,Manavati,aroha,d,,
5,Manavati,aroha,n,,
5,Manavati,aroha,s',,
5,Manavati,avaroha,s,,
5,Manavati,avaroha,r,,
5,Manavati,avaroha,g,,
5,Manavati,avaroha,m,,
5,Manavati,avaroha,p,,
5,Manavati,avaroha,d,,
5,Manavati,avaroha,n,,
5,Manavati,avaroha,s',,
6,Tanarupi,aroha,s,,
6,Tanarupi,aroha,r,,
6,Tanarupi,aroha,g,,
6,Tanarupi,aroha,m,,
6,Tanarupi,aroha,p,,
6,Tanarupi,aroha,d,,
6,Tanarupi,aroha,n,,
6,Tanarupi,aroha,s',,
6,Tanarupi,avaroha,s,,
6,Tanarupi,avaroha,r,,
6,Tanarupi,avaroha,g,,
6,Tanarupi,avaroha,m,,
6,Tanarupi,avaroha,p,,
6,Tanarupi,avaroha,d,,
6,Tanarupi,avaroha,n,,
6,Tanarupi,avaroha,s',,
7,Senavati,aroha,s,,
7,Senavati,aroha,r,,
7,Senavati,aroha,g,,
7,Senavati,aroha,m,,
7,Senavati,aroha,p,,
7,Senavati,aroha,d,,
7,Senavati,aroha,n,,
7,Senavati,aroha,s',,
7,Senavati,avaroha,s,,
7,Senavati,avaroha,r,,
7,Senavati,avaroha,g,,
7,Senavati,avaroha,m,,
7,Senavati,avaroha,p,,
7,Senavati,avaroha,d,,
7,Senavati,avaroha,n,,
7,Senavati,avaroha,s',,
8,Hanumatodi,aroha,s,,
8,Hanumatodi,aroha,r,,
8,Hanumatodi,aroha,g,,
8,Hanumatodi,aroha,m,,
8,Hanumatodi,aroha,p,,
8,Hanumatodi,aroha,d,,
8,Hanumatodi,aroha,n,,
8,Hanumatodi,aroha,s',,
8,Hanumatodi,avaroha,s,,
8,Hanumatodi,avaroha,r,,
8,Hanumatodi,avaroha,g,,
8,Hanumatodi,avaroha,m,,
8,Hanumatodi,avaroha,p,,
8,Hanumatodi,avaroha,d,,
8,Hanumatodi,avaroha,n,,
8,Hanumatodi,avaroha,s',,
9,Dhenuka,aroha,s,,
9,Dhenuka,aroha,r,,
9,Dhenuka,aroha,g,,
9,Dhenuka,aroha,m,,
9,Dhenuka,aroha,p,,
9,Dhenuka,aroha,d,,
9,Dhenuka,aroha,n,,
9,Dhenuka,aroha,s',,
9,Dhenuka,avaroha,s,,
9,Dhenuka,avaroha,r,,
9,Dhenuka,avaroha,g,,
9,Dhenuka,avaroha,m,,
9,Dhenuka,avaroha,p,,
9,Dhenuka,avaroha,d,,
9,Dhenuka,avaroha,n,,
9,Dhenuka,avaroha,s',,
10,Natakapriya,aroha,s,,
10,Natakapriya,aroha,r,,
10,Natakapriya,aroha,g,,
10,Natakapriya,aroha,m,,
10,Natakapriya,aroha,p,,
10,Natakapriya,aroha,d,,
10,Natakapriya,aroha,n,,
10,Natakapriya,aroha,s',,
10,Natakapriya,avaroha,s,,
10,Natakapriya,avaroha,r,,
10,Natakapriya,avaroha,g,,
10,Natakapriya,avaroha,m,,
10,Natakapriya,avaroha,p,,
10,Natakapriya,avaroha,d,,
10,Natakapriya,avaroha,n,,
10,Natakapriya,avaroha,s',,
11,Kokilapriya,aroha,s,,
11,Kokilapriya,aroha,r,,
11,Kokilapriya,aroha,g,,
11,Kokilapriya,aroha,m,,
11,Kokilapriya,aroha,p,,
11,Kokilapriya,aroha,d,,
11,Kokilapriya,aroha,n,,
11,Kokilapriya,aroha,s',,
11,Kokilapriya,avaroha,s,,
11,Kokilapriya,avaroha,r,,
11,Kokilapriya,avaroha,g,,
11,Kokilapriya,avaroha,m,,
11,Kokilapriya,avaroha,p,,
11,Kokilapriya,avaroha,d,,
11,Kokilapriya,avaroha,n,,
11,Kokilapriya,avaroha,s',,
12,Rupavati,aroha,s,,
12,Rupavati,aroha,r,,
12,Rupavati,aroha,g,,
12,Rupavati,aroha,m,,
12,Rupavati,aroha,p,,
12,Rupavati,aroha,d,,
12,Rupavati,aroha,n,,
12,Rupavati,aroha,s',,
12,Rupavati,avaroha,s,,
12,Rupavati,avaroha,r,,
12,Rupavati,avaroha,g,,
12,Rupavati,avaroha,m,,
12,Rupavati,avaroha,p,,
12,Rupavati,avaroha,d,,
12,Rupavati,avaroha,n,,
12,Rupavati,avaroha,s',,
13,Gayakapriya,aroha,s,,
13,Gayakapriya,aroha,r,,
13,Gayakapriya,aroha,g,,
13,Gayakapriya,aroha,m,,
13,Gayakapriya,aroha,p,,
13,Gayakapriya,aroha,d,,
13,Gayakapriya,aroha,n,,
13,Gayakapriya,aroha,s',,
13,Gayakapriya,avaroha,s,,
13,Gayakapriya,avaroha,r,,
13,Gayakapriya,avaroha,g,,
13,Gayakapriya,avaroha,m,,
13,Gayakapriya,avaroha,p,,
13,Gayakapriya,avaroha,d,,
13,Gayakapriya,avaroha,n,,
13,Gayakapriya,avaroha,s',,
14,Vakulabharanam,aroha,s,,
14,Vakulabharanam,aroha,r,,
14,Vakulabharanam,aroha,g,,
14,Vakulabharanam,aroha,m,,
14,Vakulabharanam,aroha,p,,
14,Vakulabharanam,aroha,d,,
14,Vakulabharanam,aroha,n,,
14,Vakulabharanam,aroha,s',,
14,Vakulabharanam,avaroha,s,,
14,Vakulabharanam,avaroha,r,,
14,Vakulabharanam,avaroha,g,,
14,Vakulabharanam,avaroha,m,,
14,Vakulabharanam,avaroha,p,,
14,Vakulabharanam,avaroha,d,,
14,Vakulabharanam,avaroha,n,,
14,Vakulabharanam,avaroha,s',,
15,Mayamalavagowla,aroha,s,,
15,Mayamalavagowla,aroha,r,,
15,Mayamalavagowla,aroha,g,,
15,Mayamalavagowla,aroha,m,,
15,Mayamalavagowla,aroha,p,,
15,Mayamalavagowla,aroha,d,,
15,Mayamalavagowla,aroha,n,,
15,Mayamalavagowla,aroha,s',,
15,Mayamalavagowla,avaroha,s,,
15,Mayamalavagowla,avaroha,r,,
15,Mayamalavagowla,avaroha,g,,
15,Mayamalavagowla,avaroha,m,,
15,Mayamalavagowla,avaroha,p,,
15,Mayamalavagowla,avaroha,d,,
15,Mayamalavagowla,avaroha,n,,
15,Mayamalavagowla,avaroha,s',,
16,Chakravakam,aroha,s,,
16,Chakravakam,aroha,r,,
16,Chakravakam,aroha,g,,
16,Chakravakam,aroha,m,,
16,Chakravakam,aroha,p,,
16,Chakravakam,aroha,d,,
16,Chakravakam,aroha,n,,
16,Chakravakam,aroha,s',,
16,Chakravakam,avaroha,s,,
16,Chakravakam,avaroha,r,,
16,Chakravakam,avaroha,g,,
16,Chakravakam,avaroha,m,,
16,Chakravakam,avaroha,p,,
16,Chakravakam,avaroha,d,,
16,Chakravakam,avaroha,n,,
16,Chakravakam,avaroha,s',,
17,Suryakantam,aroha,s,,
17,Suryakantam,aroha,r,,
17,Suryakantam,aroha,g,,
17,Suryakantam,aroha,m,,
17,Suryakantam,aroha,p,,
17,Suryakantam,aroha,d,,
17,Suryakantam,aroha,n,,
17,Suryakantam,aroha,s',,
17,Suryakantam,avaroha,s,,
17,Suryakantam,avaroha,r,,
17,Suryakantam,avaroha,g,,
17,Suryakantam,avaroha,m,,
17,Suryakantam,avaroha,p,,
17,Suryakantam,avaroha,d,,
17,Suryakantam,avaroha,n,,
17,Suryakantam,avaroha,s',,
18,Hatakambari,aroha,s,,
18,Hatakambari,aroha,r,,
18,Hatakambari,aroha,g,,
18,Hatakambari,aroha,m,,
18,Hatakambari,aroha,p,,
18,Hatakambari,aroha,d,,
18,Hatakambari,aroha,n,,
18,Hatakambari,aroha,s',,
18,Hatakambari,avaroha,s,,
18,Hatakambari,avaroha,r,,
18,Hatakambari,avaroha,g,,
18,Hatakambari,avaroha,m,,
18,Hatakambari,avaroha,p,,
18,Hatakambari,avaroha,d,,
18,Hatakambari,avaroha,n,,
18,Hatakambari,avaroha,s',,
19,Jhankaradhwani,aroha,s,,
19,Jhankaradhwani,aroha,r,,
19,Jhankaradhwani,aroha,g,,
19,Jhankaradhwani,aroha,m,,
19,Jhankaradhwani,aroha,p,,
19,Jhankaradhwani,aroha,d,,
19,Jhankaradhwani,aroha,n,,
19,Jhankaradhwani,aroha,s',,
19,Jhankaradhwani,avaroha,s,,
19,Jhankaradhwani,avaroha,r,,
19,Jhankaradhwani,avaroha,g,,
19,Jhankaradhwani,avaroha,m,,
19,Jhankaradhwani,avaroha,p,,
19,Jhankaradhwani,avaroha,d,,
19,Jhankaradhwani,avaroha,n,,
19,Jhankaradhwani,avaroha,s',,
20,Natabhairavi,aroha,s,,
20,Natabhairavi,aroha,r,,
20,Natabhairavi,aroha,g,,
20,Natabhairavi,aroha,m,,
20,Natabhairavi,aroha,p,,
20,Natabhairavi,aroha,d,,
20,Natabhairavi,aroha,n,,
20,Natabhairavi,aroha,s',,
20,Natabhairavi,avaroha,s,,
20,Natabhairavi,avaroha,r,,
20,Natabhairavi,avaroha,g,,
20,Natabhairavi,avaroha,m,,
20,Natabhairavi,avaroha,p,,
20,Natabhairavi,avaroha,d,,
20,Natabhairavi,avaroha,n,,
20,Natabhairavi,avaroha,s',,
21,Keeravani,aroha,s,,
21,Keeravani,aroha,r,,
21,Keeravani,aroha,g,,
21,Keeravani,aroha,m,,
21,Keeravani,aroha,p,,
21,Keeravani,aroha,d,,
21,Keeravani,aroha,n,,
21,Keeravani,aroha,s',,
21,Keeravani,avaroha,s,,
21,Keeravani,avaroha,r,,
21,Keeravani,avaroha,g,,
21,Keeravani,avaroha,m,,
21,Keeravani,avaroha,p,,
21,Keeravani,avaroha,d,,
21,Keeravani,avaroha,n,,
21,Keeravani,avaroha,s',,
22,Kharaharapriya,aroha,s,,
22,Kharaharapriya,aroha,r,,
22,Kharaharapriya,aroha,g,,
22,Kharaharapriya,aroha,m,,
22,Kharaharapriya,aroha,p,,
22,Kharaharapriya,aroha,d,,
22,Kharaharapriya,aroha,n,,
22,Kharaharapriya,aroha,s',,
22,Kharaharapriya,avaroha,s,,
22,Kharaharapriya,avaroha,r,,
22,Kharaharapriya,avaroha,g,,
22,Kharaharapriya,avaroha,m,,
22,Kharaharapriya,avaroha,p,,
22,Kharaharapriya,avaroha,d,,
22,Kharaharapriya,avaroha,n,,
22,Kharaharapriya,avaroha,s',,
23,Gourimanohari,aroha,s,,
23,Gourimanohari,aroha,r,,
23,Gourimanohari,aroha,g,,
23,Gourimanohari,aroha,m,,
23,Gourimanohari,aroha,p,,
23,Gourimanohari,aroha,d,,
23,Gourimanohari,aroha,n,,
23,Gourimanohari,aroha,s',,
23,Gourimanohari,avaroha,s,,
23,Gourimanohari,avaroha,r,,
23,Gourimanohari,avaroha,g,,
23,Gourimanohari,avaroha,m,,
23,Gourimanohari,avaroha,p,,
23,Gourimanohari,avaroha,d,,
23,Gourimanohari,avaroha,n,,
23,Gourimanohari,avaroha,s',,
24,Varunapriya,aroha,s,,
24,Varunapriya,aroha,r,,
24,Varunapriya,aroha,g,,
24,Varunapriya,aroha,m,,
24,Varunapriya,aroha,p,,
24,Varunapriya,aroha,d,,
24,Varunapriya,aroha,n,,
24,Varunapriya,aroha,s',,
24,Varunapriya,avaroha,s,,
24,Varunapriya,avaroha,r,,
24,Varunapriya,avaroha,g,,
24,Varunapriya,avaroha,m,,
24,Varunapriya,avaroha,p,,
24,Varunapriya,avaroha,d,,
24,Varunapriya,avaroha,n,,
24,Varunapriya,avaroha,s',,
25,Mararanjani,aroha,s,,
25,Mararanjani,aroha,r,,
25,Mararanjani,aroha,g,,
25,Mararanjani,aroha,m,,
25,Mararanjani,aroha,p,,
25,Mararanjani,aroha,d,,
25,Mararanjani,aroha,n,,
25,Mararanjani,aroha,s',,
25,Mararanjani,avaroha,s,,
25,Mararanjani,avaroha,r,,
25,Mararanjani,avaroha,g,,
25,Mararanjani,avaroha,m,,
25,Mararanjani,avaroha,p,,
25,Mararanjani,avaroha,d,,
25,Mararanjani,avaroha,n,,
25,Mararanjani,avaroha,s',,
26,Charukesi,aroha,s,,
26,Charukesi,aroha,r,,
26,Charukesi,aroha,g,,
26,Charukesi,aroha,m,,
26,Charukesi,aroha,p,,
26,Charukesi,aroha,d,,
26,Charukesi,aroha,n,,
26,Charukesi,aroha,s',,
26,Charukesi,avaroha,s,,
26,Charukesi,avaroha,r,,
26,Charukesi,avaroha,g,,
26,Charukesi,avaroha,m,,
26,Charukesi,avaroha,p,,
26,Charukesi,avaroha,d,,
26,Charukesi,avaroha,n,,
26,Charukesi,avaroha,s',,
27,Sarasangi,aroha,s,,
27,Sarasangi,aroha,r,,
27,Sarasangi,aroha,g,,
27,Sarasangi,aroha,m,,
27,Sarasangi,aroha,p,,
27,Sarasangi,aroha,d,,
27,Sarasangi,aroha,n,,
27,Sarasangi,aroha,s',,
27,Sarasangi,avaroha,s,,
27,Sarasangi,avaroha,r,,
27,Sarasangi,avaroha,g,,
27,Sarasangi,avaroha,m,,
27,Sarasangi,avaroha,p,,
27,Sarasangi,avaroha,d,,
27,Sarasangi,avaroha,n,,
27,Sarasangi,avaroha,s',,
28,Harikambhoji,aroha,s,,
28,Harikambhoji,aroha,r,,
28,Harikambhoji,aroha,g,,
28,Harikambhoji,aroha,m,,
28,Harikambhoji,aroha,p,,
28,Harikambhoji,aroha,d,,
28,Harikambhoji,aroha,n,,
28,Harikambhoji,aroha,s',,
28,Harikambhoji,avaroha,s,,
28,Harikambhoji,avaroha,r,,
28,Harikambhoji,avaroha,g,,
28,Harikambhoji,avaroha,m,,
28,Harikambhoji,avaroha,p,,
28,Harikambhoji,avaroha,d,,
28,Harikambhoji,avaroha,n,,
28,Harikambhoji,avaroha,s',,
29,Dheerashankarabharanam,aroha,s,plain,straight Sa
29,Dheerashankarabharanam,aroha,r,sA gr,
29,Dheerashankarabharanam,aroha,g,g r gA,
29,Dheerashankarabharanam,aroha,m,gA m g,
29,Dheerashankarabharanam,aroha,p,p g pA,
29,Dheerashankarabharanam,aroha,d,pA s' d,
29,Dheerashankarabharanam,aroha,n,s' n s' n,
29,Dheerashankarabharanam,aroha,s',"p sA' ,",pa to tara Sa jaaru; saa is the landing (written sA')
29,Dheerashankarabharanam,avaroha,s,,
29,Dheerashankarabharanam,avaroha,r,,
29,Dheerashankarabharanam,avaroha,g,,
29,Dheerashankarabharanam,avaroha,m,,
29,Dheerashankarabharanam,avaroha,p,,
29,Dheerashankarabharanam,avaroha,d,,
29,Dheerashankarabharanam,avaroha,n,,
29,Dheerashankarabharanam,avaroha,s',,
30,Naganandini,aroha,s,,
30,Naganandini,aroha,r,,
30,Naganandini,aroha,g,,
30,Naganandini,aroha,m,,
30,Naganandini,aroha,p,,
30,Naganandini,aroha,d,,
30,Naganandini,aroha,n,,
30,Naganandini,aroha,s',,
30,Naganandini,avaroha,s,,
30,Naganandini,avaroha,r,,
30,Naganandini,avaroha,g,,
30,Naganandini,avaroha,m,,
30,Naganandini,avaroha,p,,
30,Naganandini,avaroha,d,,
30,Naganandini,avaroha,n,,
30,Naganandini,avaroha,s',,
31,Yagapriya,aroha,s,,
31,Yagapriya,aroha,r,,
31,Yagapriya,aroha,g,,
31,Yagapriya,aroha,m,,
31,Yagapriya,aroha,p,,
31,Yagapriya,aroha,d,,
31,Yagapriya,aroha,n,,
31,Yagapriya,aroha,s',,
31,Yagapriya,avaroha,s,,
31,Yagapriya,avaroha,r,,
31,Yagapriya,avaroha,g,,
31,Yagapriya,avaroha,m,,
31,Yagapriya,avaroha,p,,
31,Yagapriya,avaroha,d,,
31,Yagapriya,avaroha,n,,
31,Yagapriya,avaroha,s',,
32,Ragavardhini,aroha,s,,
32,Ragavardhini,aroha,r,,
32,Ragavardhini,aroha,g,,
32,Ragavardhini,aroha,m,,
32,Ragavardhini,aroha,p,,
32,Ragavardhini,aroha,d,,
32,Ragavardhini,aroha,n,,
32,Ragavardhini,aroha,s',,
32,Ragavardhini,avaroha,s,,
32,Ragavardhini,avaroha,r,,
32,Ragavardhini,avaroha,g,,
32,Ragavardhini,avaroha,m,,
32,Ragavardhini,avaroha,p,,
32,Ragavardhini,avaroha,d,,
32,Ragavardhini,avaroha,n,,
32,Ragavardhini,avaroha,s',,
33,Gangeyabhushani,aroha,s,,
33,Gangeyabhushani,aroha,r,,
33,Gangeyabhushani,aroha,g,,
33,Gangeyabhushani,aroha,m,,
33,Gangeyabhushani,aroha,p,,
33,Gangeyabhushani,aroha,d,,
33,Gangeyabhushani,aroha,n,,
33,Gangeyabhushani,aroha,s',,
33,Gangeyabhushani,avaroha,s,,
33,Gangeyabhushani,avaroha,r,,
33,Gangeyabhushani,avaroha,g,,
33,Gangeyabhushani,avaroha,m,,
33,Gangeyabhushani,avaroha,p,,
33,Gangeyabhushani,avaroha,d,,
33,Gangeyabhushani,avaroha,n,,
33,Gangeyabhushani,avaroha,s',,
34,Vagadheeswari,aroha,s,,
34,Vagadheeswari,aroha,r,,
34,Vagadheeswari,aroha,g,,
34,Vagadheeswari,aroha,m,,
34,Vagadheeswari,aroha,p,,
34,Vagadheeswari,aroha,d,,
34,Vagadheeswari,aroha,n,,
34,Vagadheeswari,aroha,s',,
34,Vagadheeswari,avaroha,s,,
34,Vagadheeswari,avaroha,r,,
34,Vagadheeswari,avaroha,g,,
34,Vagadheeswari,avaroha,m,,
34,Vagadheeswari,avaroha,p,,
34,Vagadheeswari,avaroha,d,,
34,Vagadheeswari,avaroha,n,,
34,Vagadheeswari,avaroha,s',,
35,Sulini,aroha,s,,
35,Sulini,aroha,r,,
35,Sulini,aroha,g,,
35,Sulini,aroha,m,,
35,Sulini,aroha,p,,
35,Sulini,aroha,d,,
35,Sulini,aroha,n,,
35,Sulini,aroha,s',,
35,Sulini,avaroha,s,,
35,Sulini,avaroha,r,,
35,Sulini,avaroha,g,,
35,Sulini,avaroha,m,,
35,Sulini,avaroha,p,,
35,Sulini,avaroha,d,,
35,Sulini,avaroha,n,,
35,Sulini,avaroha,s',,
36,Chalanattai,aroha,s,,
36,Chalanattai,aroha,r,,
36,Chalanattai,aroha,g,,
36,Chalanattai,aroha,m,,
36,Chalanattai,aroha,p,,
36,Chalanattai,aroha,d,,
36,Chalanattai,aroha,n,,
36,Chalanattai,aroha,s',,
36,Chalanattai,avaroha,s,,
36,Chalanattai,avaroha,r,,
36,Chalanattai,avaroha,g,,
36,Chalanattai,avaroha,m,,
36,Chalanattai,avaroha,p,,
36,Chalanattai,avaroha,d,,
36,Chalanattai,avaroha,n,,
36,Chalanattai,avaroha,s',,
37,Salagam,aroha,s,,
37,Salagam,aroha,r,,
37,Salagam,aroha,g,,
37,Salagam,aroha,m,,
37,Salagam,aroha,p,,
37,Salagam,aroha,d,,
37,Salagam,aroha,n,,
37,Salagam,aroha,s',,
37,Salagam,avaroha,s,,
37,Salagam,avaroha,r,,
37,Salagam,avaroha,g,,
37,Salagam,avaroha,m,,
37,Salagam,avaroha,p,,
37,Salagam,avaroha,d,,
37,Salagam,avaroha,n,,
37,Salagam,avaroha,s',,
38,Jalarnavam,aroha,s,,
38,Jalarnavam,aroha,r,,
38,Jalarnavam,aroha,g,,
38,Jalarnavam,aroha,m,,
38,Jalarnavam,aroha,p,,
38,Jalarnavam,aroha,d,,
38,Jalarnavam,aroha,n,,
38,Jalarnavam,aroha,s',,
38,Jalarnavam,avaroha,s,,
38,Jalarnavam,avaroha,r,,
38,Jalarnavam,avaroha,g,,
38,Jalarnavam,avaroha,m,,
38,Jalarnavam,avaroha,p,,
38,Jalarnavam,avaroha,d,,
38,Jalarnavam,avaroha,n,,
38,Jalarnavam,avaroha,s',,
39,Jhalavarali,aroha,s,,
39,Jhalavarali,aroha,r,,
39,Jhalavarali,aroha,g,,
39,Jhalavarali,aroha,m,,
39,Jhalavarali,aroha,p,,
39,Jhalavarali,aroha,d,,
39,Jhalavarali,aroha,n,,
39,Jhalavarali,aroha,s',,
39,Jhalavarali,avaroha,s,,
39,Jhalavarali,avaroha,r,,
39,Jhalavarali,avaroha,g,,
39,Jhalavarali,avaroha,m,,
39,Jhalavarali,avaroha,p,,
39,Jhalavarali,avaroha,d,,
39,Jhalavarali,avaroha,n,,
39,Jhalavarali,avaroha,s',,
40,Navaneetam,aroha,s,,
40,Navaneetam,aroha,r,,
40,Navaneetam,aroha,g,,
40,Navaneetam,aroha,m,,
40,Navaneetam,aroha,p,,
40,Navaneetam,aroha,d,,
40,Navaneetam,aroha,n,,
40,Navaneetam,aroha,s',,
40,Navaneetam,avaroha,s,,
40,Navaneetam,avaroha,r,,
40,Navaneetam,avaroha,g,,
40,Navaneetam,avaroha,m,,
40,Navaneetam,avaroha,p,,
40,Navaneetam,avaroha,d,,
40,Navaneetam,avaroha,n,,
40,Navaneetam,avaroha,s',,
41,Pavani,aroha,s,,
41,Pavani,aroha,r,,
41,Pavani,aroha,g,,
41,Pavani,aroha,m,,
41,Pavani,aroha,p,,
41,Pavani,aroha,d,,
41,Pavani,aroha,n,,
41,Pavani,aroha,s',,
41,Pavani,avaroha,s,,
41,Pavani,avaroha,r,,
41,Pavani,avaroha,g,,
41,Pavani,avaroha,m,,
41,Pavani,avaroha,p,,
41,Pavani,avaroha,d,,
41,Pavani,avaroha,n,,
41,Pavani,avaroha,s',,
42,Raghupriya,aroha,s,,
42,Raghupriya,aroha,r,,
42,Raghupriya,aroha,g,,
42,Raghupriya,aroha,m,,
42,Raghupriya,aroha,p,,
42,Raghupriya,aroha,d,,
42,Raghupriya,aroha,n,,
42,Raghupriya,aroha,s',,
42,Raghupriya,avaroha,s,,
42,Raghupriya,avaroha,r,,
42,Raghupriya,avaroha,g,,
42,Raghupriya,avaroha,m,,
42,Raghupriya,avaroha,p,,
42,Raghupriya,avaroha,d,,
42,Raghupriya,avaroha,n,,
42,Raghupriya,avaroha,s',,
43,Gavambodhi,aroha,s,,
43,Gavambodhi,aroha,r,,
43,Gavambodhi,aroha,g,,
43,Gavambodhi,aroha,m,,
43,Gavambodhi,aroha,p,,
43,Gavambodhi,aroha,d,,
43,Gavambodhi,aroha,n,,
43,Gavambodhi,aroha,s',,
43,Gavambodhi,avaroha,s,,
43,Gavambodhi,avaroha,r,,
43,Gavambodhi,avaroha,g,,
43,Gavambodhi,avaroha,m,,
43,Gavambodhi,avaroha,p,,
43,Gavambodhi,avaroha,d,,
43,Gavambodhi,avaroha,n,,
43,Gavambodhi,avaroha,s',,
44,Bhavapriya,aroha,s,,
44,Bhavapriya,aroha,r,,
44,Bhavapriya,aroha,g,,
44,Bhavapriya,aroha,m,,
44,Bhavapriya,aroha,p,,
44,Bhavapriya,aroha,d,,
44,Bhavapriya,aroha,n,,
44,Bhavapriya,aroha,s',,
44,Bhavapriya,avaroha,s,,
44,Bhavapriya,avaroha,r,,
44,Bhavapriya,avaroha,g,,
44,Bhavapriya,avaroha,m,,
44,Bhavapriya,avaroha,p,,
44,Bhavapriya,avaroha,d,,
44,Bhavapriya,avaroha,n,,
44,Bhavapriya,avaroha,s',,
45,Shubhapantuvarali,aroha,s,,
45,Shubhapantuvarali,aroha,r,,
45,Shubhapantuvarali,aroha,g,,
45,Shubhapantuvarali,aroha,m,,
45,Shubhapantuvarali,aroha,p,,
45,Shubhapantuvarali,aroha,d,,
45,Shubhapantuvarali,aroha,n,,
45,Shubhapantuvarali,aroha,s',,
45,Shubhapantuvarali,avaroha,s,,
45,Shubhapantuvarali,avaroha,r,,
45,Shubhapantuvarali,avaroha,g,,
45,Shubhapantuvarali,avaroha,m,,
45,Shubhapantuvarali,avaroha,p,,
45,Shubhapantuvarali,avaroha,d,,
45,Shubhapantuvarali,avaroha,n,,
45,Shubhapantuvarali,avaroha,s',,
46,Shadvidhamargini,aroha,s,,
46,Shadvidhamargini,aroha,r,,
46,Shadvidhamargini,aroha,g,,
46,Shadvidhamargini,aroha,m,,
46,Shadvidhamargini,aroha,p,,
46,Shadvidhamargini,aroha,d,,
46,Shadvidhamargini,aroha,n,,
46,Shadvidhamargini,aroha,s',,
46,Shadvidhamargini,avaroha,s,,
46,Shadvidhamargini,avaroha,r,,
46,Shadvidhamargini,avaroha,g,,
46,Shadvidhamargini,avaroha,m,,
46,Shadvidhamargini,avaroha,p,,
46,Shadvidhamargini,avaroha,d,,
46,Shadvidhamargini,avaroha,n,,
46,Shadvidhamargini,avaroha,s',,
47,Suvarnangi,aroha,s,,
47,Suvarnangi,aroha,r,,
47,Suvarnangi,aroha,g,,
47,Suvarnangi,aroha,m,,
47,Suvarnangi,aroha,p,,
47,Suvarnangi,aroha,d,,
47,Suvarnangi,aroha,n,,
47,Suvarnangi,aroha,s',,
47,Suvarnangi,avaroha,s,,
47,Suvarnangi,avaroha,r,,
47,Suvarnangi,avaroha,g,,
47,Suvarnangi,avaroha,m,,
47,Suvarnangi,avaroha,p,,
47,Suvarnangi,avaroha,d,,
47,Suvarnangi,avaroha,n,,
47,Suvarnangi,avaroha,s',,
48,Divyamani,aroha,s,,
48,Divyamani,aroha,r,,
48,Divyamani,aroha,g,,
48,Divyamani,aroha,m,,
48,Divyamani,aroha,p,,
48,Divyamani,aroha,d,,
48,Divyamani,aroha,n,,
48,Divyamani,aroha,s',,
48,Divyamani,avaroha,s,,
48,Divyamani,avaroha,r,,
48,Divyamani,avaroha,g,,
48,Divyamani,avaroha,m,,
48,Divyamani,avaroha,p,,
48,Divyamani,avaroha,d,,
48,Divyamani,avaroha,n,,
48,Divyamani,avaroha,s',,
49,Dhavalambari,aroha,s,,
49,Dhavalambari,aroha,r,,
49,Dhavalambari,aroha,g,,
49,Dhavalambari,aroha,m,,
49,Dhavalambari,aroha,p,,
49,Dhavalambari,aroha,d,,
49,Dhavalambari,aroha,n,,
49,Dhavalambari,aroha,s',,
49,Dhavalambari,avaroha,s,,
49,Dhavalambari,avaroha,r,,
49,Dhavalambari,avaroha,g,,
49,Dhavalambari,avaroha,m,,
49,Dhavalambari,avaroha,p,,
49,Dhavalambari,avaroha,d,,
49,Dhavalambari,avaroha,n,,
49,Dhavalambari,avaroha,s',,
50,Namanarayani,aroha,s,,
50,Namanarayani,aroha,r,,
50,Namanarayani,aroha,g,,
50,Namanarayani,aroha,m,,
50,Namanarayani,aroha,p,,
50,Namanarayani,aroha,d,,
50,Namanarayani,aroha,n,,
50,Namanarayani,aroha,s',,
50,Namanarayani,avaroha,s,,
50,Namanarayani,avaroha,r,,
50,Namanarayani,avaroha,g,,
50,Namanarayani,avaroha,m,,
50,Namanarayani,avaroha,p,,
50,Namanarayani,avaroha,d,,
50,Namanarayani,avaroha,n,,
50,Namanarayani,avaroha,s',,
51,Kamavardhini,aroha,s,,
51,Kamavardhini,aroha,r,,
51,Kamavardhini,aroha,g,,
51,Kamavardhini,aroha,m,,
51,Kamavardhini,aroha,p,,
51,Kamavardhini,aroha,d,,
51,Kamavardhini,aroha,n,,
51,Kamavardhini,aroha,s',,
51,Kamavardhini,avaroha,s,,
51,Kamavardhini,avaroha,r,,
51,Kamavardhini,avaroha,g,,
51,Kamavardhini,avaroha,m,,
51,Kamavardhini,avaroha,p,,
51,Kamavardhini,avaroha,d,,
51,Kamavardhini,avaroha,n,,
51,Kamavardhini,avaroha,s',,
52,Ramapriya,aroha,s,,
52,Ramapriya,aroha,r,,
52,Ramapriya,aroha,g,,
52,Ramapriya,aroha,m,,
52,Ramapriya,aroha,p,,
52,Ramapriya,aroha,d,,
52,Ramapriya,aroha,n,,
52,Ramapriya,aroha,s',,
52,Ramapriya,avaroha,s,,
52,Ramapriya,avaroha,r,,
52,Ramapriya,avaroha,g,,
52,Ramapriya,avaroha,m,,
52,Ramapriya,avaroha,p,,
52,Ramapriya,avaroha,d,,
52,Ramapriya,avaroha,n,,
52,Ramapriya,avaroha,s',,
53,Gamanasrama,aroha,s,,
53,Gamanasrama,aroha,r,,
53,Gamanasrama,aroha,g,,
53,Gamanasrama,aroha,m,,
53,Gamanasrama,aroha,p,,
53,Gamanasrama,aroha,d,,
53,Gamanasrama,aroha,n,,
53,Gamanasrama,aroha,s',,
53,Gamanasrama,avaroha,s,,
53,Gamanasrama,avaroha,r,,
53,Gamanasrama,avaroha,g,,
53,Gamanasrama,avaroha,m,,
53,Gamanasrama,avaroha,p,,
53,Gamanasrama,avaroha,d,,
53,Gamanasrama,avaroha,n,,
53,Gamanasrama,avaroha,s',,
54,Vishwambhari,aroha,s,,
54,Vishwambhari,aroha,r,,
54,Vishwambhari,aroha,g,,
54,Vishwambhari,aroha,m,,
54,Vishwambhari,aroha,p,,
54,Vishwambhari,aroha,d,,
54,Vishwambhari,aroha,n,,
54,Vishwambhari,aroha,s',,
54,Vishwambhari,avaroha,s,,
54,Vishwambhari,avaroha,r,,
54,Vishwambhari,avaroha,g,,
54,Vishwambhari,avaroha,m,,
54,Vishwambhari,avaroha,p,,
54,Vishwambhari,avaroha,d,,
54,Vishwambhari,avaroha,n,,
54,Vishwambhari,avaroha,s',,
55,Syamalangi,aroha,s,,
55,Syamalangi,aroha,r,,
55,Syamalangi,aroha,g,,
55,Syamalangi,aroha,m,,
55,Syamalangi,aroha,p,,
55,Syamalangi,aroha,d,,
55,Syamalangi,aroha,n,,
55,Syamalangi,aroha,s',,
55,Syamalangi,avaroha,s,,
55,Syamalangi,avaroha,r,,
55,Syamalangi,avaroha,g,,
55,Syamalangi,avaroha,m,,
55,Syamalangi,avaroha,p,,
55,Syamalangi,avaroha,d,,
55,Syamalangi,avaroha,n,,
55,Syamalangi,avaroha,s',,
56,Shanmukhapriya,aroha,s,,
56,Shanmukhapriya,aroha,r,,
56,Shanmukhapriya,aroha,g,,
56,Shanmukhapriya,aroha,m,,
56,Shanmukhapriya,aroha,p,,
56,Shanmukhapriya,aroha,d,,
56,Shanmukhapriya,aroha,n,,
56,Shanmukhapriya,aroha,s',,
56,Shanmukhapriya,avaroha,s,,
56,Shanmukhapriya,avaroha,r,,
56,Shanmukhapriya,avaroha,g,,
56,Shanmukhapriya,avaroha,m,,
56,Shanmukhapriya,avaroha,p,,
56,Shanmukhapriya,avaroha,d,,
56,Shanmukhapriya,avaroha,n,,
56,Shanmukhapriya,avaroha,s',,
57,Simhendramadhyamam,aroha,s,,
57,Simhendramadhyamam,aroha,r,,
57,Simhendramadhyamam,aroha,g,,
57,Simhendramadhyamam,aroha,m,,
57,Simhendramadhyamam,aroha,p,,
57,Simhendramadhyamam,aroha,d,,
57,Simhendramadhyamam,aroha,n,,
57,Simhendramadhyamam,aroha,s',,
57,Simhendramadhyamam,avaroha,s,,
57,Simhendramadhyamam,avaroha,r,,
57,Simhendramadhyamam,avaroha,g,,
57,Simhendramadhyamam,avaroha,m,,
57,Simhendramadhyamam,avaroha,p,,
57,Simhendramadhyamam,avaroha,d,,
57,Simhendramadhyamam,avaroha,n,,
57,Simhendramadhyamam,avaroha,s',,
58,Hemavati,aroha,s,,
58,Hemavati,aroha,r,,
58,Hemavati,aroha,g,,
58,Hemavati,aroha,m,,
58,Hemavati,aroha,p,,
58,Hemavati,aroha,d,,
58,Hemavati,aroha,n,,
58,Hemavati,aroha,s',,
58,Hemavati,avaroha,s,,
58,Hemavati,avaroha,r,,
58,Hemavati,avaroha,g,,
58,Hemavati,avaroha,m,,
58,Hemavati,avaroha,p,,
58,Hemavati,avaroha,d,,
58,Hemavati,avaroha,n,,
58,Hemavati,avaroha,s',,
59,Dharmavati,aroha,s,,
59,Dharmavati,aroha,r,,
59,Dharmavati,aroha,g,,
59,Dharmavati,aroha,m,,
59,Dharmavati,aroha,p,,
59,Dharmavati,aroha,d,,
59,Dharmavati,aroha,n,,
59,Dharmavati,aroha,s',,
59,Dharmavati,avaroha,s,,
59,Dharmavati,avaroha,r,,
59,Dharmavati,avaroha,g,,
59,Dharmavati,avaroha,m,,
59,Dharmavati,avaroha,p,,
59,Dharmavati,avaroha,d,,
59,Dharmavati,avaroha,n,,
59,Dharmavati,avaroha,s',,
60,Nitimati,aroha,s,,
60,Nitimati,aroha,r,,
60,Nitimati,aroha,g,,
60,Nitimati,aroha,m,,
60,Nitimati,aroha,p,,
60,Nitimati,aroha,d,,
60,Nitimati,aroha,n,,
60,Nitimati,aroha,s',,
60,Nitimati,avaroha,s,,
60,Nitimati,avaroha,r,,
60,Nitimati,avaroha,g,,
60,Nitimati,avaroha,m,,
60,Nitimati,avaroha,p,,
60,Nitimati,avaroha,d,,
60,Nitimati,avaroha,n,,
60,Nitimati,avaroha,s',,
61,Kantamani,aroha,s,,
61,Kantamani,aroha,r,,
61,Kantamani,aroha,g,,
61,Kantamani,aroha,m,,
61,Kantamani,aroha,p,,
61,Kantamani,aroha,d,,
61,Kantamani,aroha,n,,
61,Kantamani,aroha,s',,
61,Kantamani,avaroha,s,,
61,Kantamani,avaroha,r,,
61,Kantamani,avaroha,g,,
61,Kantamani,avaroha,m,,
61,Kantamani,avaroha,p,,
61,Kantamani,avaroha,d,,
61,Kantamani,avaroha,n,,
61,Kantamani,avaroha,s',,
62,Rishabhapriya,aroha,s,,
62,Rishabhapriya,aroha,r,,
62,Rishabhapriya,aroha,g,,
62,Rishabhapriya,aroha,m,,
62,Rishabhapriya,aroha,p,,
62,Rishabhapriya,aroha,d,,
62,Rishabhapriya,aroha,n,,
62,Rishabhapriya,aroha,s',,
62,Rishabhapriya,avaroha,s,,
62,Rishabhapriya,avaroha,r,,
62,Rishabhapriya,avaroha,g,,
62,Rishabhapriya,avaroha,m,,
62,Rishabhapriya,avaroha,p,,
62,Rishabhapriya,avaroha,d,,
62,Rishabhapriya,avaroha,n,,
62,Rishabhapriya,avaroha,s',,
63,Latangi,aroha,s,,
63,Latangi,aroha,r,,
63,Latangi,aroha,g,,
63,Latangi,aroha,m,,
63,Latangi,aroha,p,,
63,Latangi,aroha,d,,
63,Latangi,aroha,n,,
63,Latangi,aroha,s',,
63,Latangi,avaroha,s,,
63,Latangi,avaroha,r,,
63,Latangi,avaroha,g,,
63,Latangi,avaroha,m,,
63,Latangi,avaroha,p,,
63,Latangi,avaroha,d,,
63,Latangi,avaroha,n,,
63,Latangi,avaroha,s',,
64,Vachaspati,aroha,s,,
64,Vachaspati,aroha,r,,
64,Vachaspati,aroha,g,,
64,Vachaspati,aroha,m,,
64,Vachaspati,aroha,p,,
64,Vachaspati,aroha,d,,
64,Vachaspati,aroha,n,,
64,Vachaspati,aroha,s',,
64,Vachaspati,avaroha,s,,
64,Vachaspati,avaroha,r,,
64,Vachaspati,avaroha,g,,
64,Vachaspati,avaroha,m,,
64,Vachaspati,avaroha,p,,
64,Vachaspati,avaroha,d,,
64,Vachaspati,avaroha,n,,
64,Vachaspati,avaroha,s',,
65,Mechakalyani,aroha,s,,
65,Mechakalyani,aroha,r,,
65,Mechakalyani,aroha,g,,
65,Mechakalyani,aroha,m,,
65,Mechakalyani,aroha,p,,
65,Mechakalyani,aroha,d,,
65,Mechakalyani,aroha,n,,
65,Mechakalyani,aroha,s',,
65,Mechakalyani,avaroha,s,,
65,Mechakalyani,avaroha,r,,
65,Mechakalyani,avaroha,g,,
65,Mechakalyani,avaroha,m,,
65,Mechakalyani,avaroha,p,,
65,Mechakalyani,avaroha,d,,
65,Mechakalyani,avaroha,n,,
65,Mechakalyani,avaroha,s',,
66,Chitrambari,aroha,s,,
66,Chitrambari,aroha,r,,
66,Chitrambari,aroha,g,,
66,Chitrambari,aroha,m,,
66,Chitrambari,aroha,p,,
66,Chitrambari,aroha,d,,
66,Chitrambari,aroha,n,,
66,Chitrambari,aroha,s',,
66,Chitrambari,avaroha,s,,
66,Chitrambari,avaroha,r,,
66,Chitrambari,avaroha,g,,
66,Chitrambari,avaroha,m,,
66,Chitrambari,avaroha,p,,
66,Chitrambari,avaroha,d,,
66,Chitrambari,avaroha,n,,
66,Chitrambari,avaroha,s',,
67,Sucharitra,aroha,s,,
67,Sucharitra,aroha,r,,
67,Sucharitra,aroha,g,,
67,Sucharitra,aroha,m,,
67,Sucharitra,aroha,p,,
67,Sucharitra,aroha,d,,
67,Sucharitra,aroha,n,,
67,Sucharitra,aroha,s',,
67,Sucharitra,avaroha,s,,
67,Sucharitra,avaroha,r,,
67,Sucharitra,avaroha,g,,
67,Sucharitra,avaroha,m,,
67,Sucharitra,avaroha,p,,
67,Sucharitra,avaroha,d,,
67,Sucharitra,avaroha,n,,
67,Sucharitra,avaroha,s',,
68,Jyotiswarupini,aroha,s,,
68,Jyotiswarupini,aroha,r,,
68,Jyotiswarupini,aroha,g,,
68,Jyotiswarupini,aroha,m,,
68,Jyotiswarupini,aroha,p,,
68,Jyotiswarupini,aroha,d,,
68,Jyotiswarupini,aroha,n,,
68,Jyotiswarupini,aroha,s',,
68,Jyotiswarupini,avaroha,s,,
68,Jyotiswarupini,avaroha,r,,
68,Jyotiswarupini,avaroha,g,,
68,Jyotiswarupini,avaroha,m,,
68,Jyotiswarupini,avaroha,p,,
68,Jyotiswarupini,avaroha,d,,
68,Jyotiswarupini,avaroha,n,,
68,Jyotiswarupini,avaroha,s',,
69,Dhatuvardhini,aroha,s,,
69,Dhatuvardhini,aroha,r,,
69,Dhatuvardhini,aroha,g,,
69,Dhatuvardhini,aroha,m,,
69,Dhatuvardhini,aroha,p,,
69,Dhatuvardhini,aroha,d,,
69,Dhatuvardhini,aroha,n,,
69,Dhatuvardhini,aroha,s',,
69,Dhatuvardhini,avaroha,s,,
69,Dhatuvardhini,avaroha,r,,
69,Dhatuvardhini,avaroha,g,,
69,Dhatuvardhini,avaroha,m,,
69,Dhatuvardhini,avaroha,p,,
69,Dhatuvardhini,avaroha,d,,
69,Dhatuvardhini,avaroha,n,,
69,Dhatuvardhini,avaroha,s',,
70,Nasikabhushani,aroha,s,,
70,Nasikabhushani,aroha,r,,
70,Nasikabhushani,aroha,g,,
70,Nasikabhushani,aroha,m,,
70,Nasikabhushani,aroha,p,,
70,Nasikabhushani,aroha,d,,
70,Nasikabhushani,aroha,n,,
70,Nasikabhushani,aroha,s',,
70,Nasikabhushani,avaroha,s,,
70,Nasikabhushani,avaroha,r,,
70,Nasikabhushani,avaroha,g,,
70,Nasikabhushani,avaroha,m,,
70,Nasikabhushani,avaroha,p,,
70,Nasikabhushani,avaroha,d,,
70,Nasikabhushani,avaroha,n,,
70,Nasikabhushani,avaroha,s',,
71,Kosalam,aroha,s,,
71,Kosalam,aroha,r,,
71,Kosalam,aroha,g,,
71,Kosalam,aroha,m,,
71,Kosalam,aroha,p,,
71,Kosalam,aroha,d,,
71,Kosalam,aroha,n,,
71,Kosalam,aroha,s',,
71,Kosalam,avaroha,s,,
71,Kosalam,avaroha,r,,
71,Kosalam,avaroha,g,,
71,Kosalam,avaroha,m,,
71,Kosalam,avaroha,p,,
71,Kosalam,avaroha,d,,
71,Kosalam,avaroha,n,,
71,Kosalam,avaroha,s',,
72,Rasikapriya,aroha,s,,
72,Rasikapriya,aroha,r,,
72,Rasikapriya,aroha,g,,
72,Rasikapriya,aroha,m,,
72,Rasikapriya,aroha,p,,
72,Rasikapriya,aroha,d,,
72,Rasikapriya,aroha,n,,
72,Rasikapriya,aroha,s',,
72,Rasikapriya,avaroha,s,,
72,Rasikapriya,avaroha,r,,
72,Rasikapriya,avaroha,g,,
72,Rasikapriya,avaroha,m,,
72,Rasikapriya,avaroha,p,,
72,Rasikapriya,avaroha,d,,
72,Rasikapriya,avaroha,n,,
72,Rasikapriya,avaroha,s',,
